Kosmonautů 2844, Mělník
Lhotka u Mělníka 13, Lhotka
Bezručova 2, Mělník
Kpt. Jaroše 10, Mělník
Fibichova 5, Mělník
Ovocná 1540, Mělník
Ve Žlábkách 10, Mělník
Mladoboleslavská 13, Mělník
Okružní 2545/9, Mělník
náměstí Míru 10, Mělník
Horní náměstí 15, Jablonec nad Nisou
náměstí Štefánikovo 1, Staré Město, Liberec
Svojsíkova 2, Staré Město, Liberec
Zhořelecká 3, Staré Město, Liberec
Dožínková 239/6, Růžodol I, Liberec
Na Roli 13, Jablonec nad Nisou
Za Hrází, Mšeno nad Nisou, Jablonec nad Nisou
Kosmonautů 2845, Mělník
Lhotka u Mělníka 106, Lhotka
Bezručova 3, Mělník
Kpt. Jaroše 15, Mělník
Fibichova 7, Mělník
Ovocná 1539, Mělník
Ve Žlábkách 9, Mělník
Mladoboleslavská 20, Mělník
Okružní 2544, Mělník
náměstí Míru 11, Mělník
Horní náměstí 16, Jablonec nad Nisou
náměstí Štefánikovo 2, Staré Město, Liberec
Svojsíkova 3, Staré Město, Liberec
Zhořelecká 4, Staré Město, Liberec
Dožínková 240, Růžodol I, Liberec
Na Roli 12, Jablonec nad Nisou